{
  "qc_4k_IS_5B.png": {
    "file": "qc_4k_IS_5B.png",
    "width": 4096,
    "height": 3072,
    "channels": {
      "R": {
        "min": 6,
        "max": 255,
        "mean": 101.29679314295451,
        "median": 72.0,
        "std": 58.74320261129495,
        "percentiles": {
          "p0.001": 9.0,
          "p0.01": 10.0,
          "p0.1": 12.0,
          "p1": 16.0,
          "p5": 51.0,
          "p10": 54.0,
          "p25": 59.0,
          "p50": 72.0,
          "p75": 138.0,
          "p90": 205.0,
          "p95": 222.0,
          "p99": 243.0,
          "p99.9": 254.0,
          "p99.99": 255.0,
          "p99.999": 255.0
        }
      },
      "G": {
        "min": 12,
        "max": 255,
        "mean": 147.26534223556519,
        "median": 125.0,
        "std": 54.930628809533715,
        "percentiles": {
          "p0.001": 17.0,
          "p0.01": 19.0,
          "p0.1": 23.0,
          "p1": 31.0,
          "p5": 91.0,
          "p10": 96.0,
          "p25": 104.0,
          "p50": 125.0,
          "p75": 199.0,
          "p90": 236.0,
          "p95": 247.0,
          "p99": 254.0,
          "p99.9": 255.0,
          "p99.99": 255.0,
          "p99.999": 255.0
        }
      },
      "B": {
        "min": 0,
        "max": 255,
        "mean": 195.09105730056763,
        "median": 191.0,
        "std": 35.32144059244346,
        "percentiles": {
          "p0.001": 23.0,
          "p0.01": 36.0,
          "p0.1": 42.0,
          "p1": 57.0,
          "p5": 152.0,
          "p10": 158.0,
          "p25": 169.0,
          "p50": 191.0,
          "p75": 224.0,
          "p90": 243.0,
          "p95": 251.0,
          "p99": 255.0,
          "p99.9": 255.0,
          "p99.99": 255.0,
          "p99.999": 255.0
        }
      }
    },
    "histograms_256bin": {
      "R": [
        0,
        0,
        0,
        0,
        0,
        0,
        1,
        5,
        74,
        521,
        2351,
        6853,
        15034,
        25033,
        30903,
        29718,
        22610,
        13570,
        6586,
        2685,
        922,
        256,
        101,
        52,
        44,
        48,
        48,
        57,
        46,
        49,
        53,
        57,
        50,
        60,
        67,
        78,
        83,
        89,
        170,
        285,
        518,
        1127,
        2292,
        4746,
        8798,
        15479,
        26669,
        42671,
        65792,
        96325,
        133578,
        177568,
        224374,
        270955,
        310002,
        341036,
        359599,
        366682,
        362940,
        351729,
        333902,
        314571,
        295293,
        275999,
        256569,
        238396,
        220850,
        206102,
        192168,
        178651,
        167251,
        156081,
        145907,
        137634,
        128077,
        121913,
        115504,
        109953,
        105324,
        100896,
        97301,
        93102,
        90066,
        87034,
        83727,
        80630,
        76943,
        73748,
        70922,
        68057,
        65194,
        62008,
        59813,
        56714,
        53562,
        51461,
        48840,
        46259,
        43624,
        41291,
        39284,
        37645,
        36177,
        35050,
        33998,
        32968,
        32531,
        31164,
        30630,
        29380,
        28353,
        27740,
        27009,
        26243,
        25847,
        25165,
        24720,
        24307,
        23624,
        23235,
        22735,
        22153,
        21417,
        21460,
        20577,
        20473,
        20261,
        19880,
        19720,
        19507,
        19425,
        19687,
        19762,
        19636,
        19510,
        19369,
        19465,
        19148,
        18828,
        18426,
        18295,
        18255,
        18352,
        18486,
        18228,
        18391,
        18392,
        18006,
        17825,
        17634,
        17895,
        18510,
        19542,
        20860,
        22354,
        23590,
        24455,
        24920,
        25165,
        25480,
        26236,
        26760,
        27110,
        27064,
        26697,
        26427,
        27113,
        27260,
        28046,
        28402,
        28925,
        30845,
        32589,
        35648,
        37658,
        39114,
        40033,
        39524,
        38405,
        37752,
        37066,
        37075,
        36411,
        35655,
        35595,
        35093,
        34642,
        33765,
        33180,
        32294,
        32005,
        31836,
        31558,
        30223,
        29008,
        28301,
        28056,
        28477,
        29018,
        28630,
        28646,
        28604,
        28575,
        29132,
        29752,
        30741,
        32557,
        34217,
        34847,
        34745,
        35146,
        35181,
        36183,
        37434,
        38325,
        39370,
        38027,
        38058,
        38580,
        39135,
        39181,
        38274,
        36148,
        32947,
        31051,
        30150,
        28987,
        27451,
        26507,
        25751,
        24645,
        23463,
        22622,
        21881,
        21421,
        21117,
        21747,
        23158,
        23396,
        23021,
        21759,
        20515,
        18409,
        16952,
        15667,
        13885,
        12419,
        11725,
        10432,
        8969,
        8299,
        8357,
        8617,
        7570,
        6914,
        8834
      ],