{
  "qc_4k_IS_5B_retuned.png": {
    "file": "qc_4k_IS_5B_retuned.png",
    "width": 4096,
    "height": 3072,
    "channels": {
      "R": {
        "min": 2,
        "max": 255,
        "mean": 44.90206058820089,
        "median": 28.0,
        "std": 33.99718365749624,
        "percentiles": {
          "p0.001": 3.0,
          "p0.01": 3.0,
          "p0.1": 4.0,
          "p1": 6.0,
          "p5": 19.0,
          "p10": 20.0,
          "p25": 22.0,
          "p50": 28.0,
          "p75": 59.0,
          "p90": 103.0,
          "p95": 118.0,
          "p99": 146.0,
          "p99.9": 179.0,
          "p99.99": 216.0,
          "p99.999": 250.0
        }
      },
      "G": {
        "min": 3,
        "max": 255,
        "mean": 56.778345028559364,
        "median": 41.0,
        "std": 33.91597697685049,
        "percentiles": {
          "p0.001": 4.0,
          "p0.01": 5.0,
          "p0.1": 6.0,
          "p1": 8.0,
          "p5": 28.0,
          "p10": 30.0,
          "p25": 33.0,
          "p50": 41.0,
          "p75": 78.0,
          "p90": 110.0,
          "p95": 127.0,
          "p99": 155.0,
          "p99.9": 185.0,
          "p99.99": 222.0,
          "p99.999": 253.0
        }
      },
      "B": {
        "min": 0,
        "max": 255,
        "mean": 72.64816212654114,
        "median": 65.0,
        "std": 25.33987193215889,
        "percentiles": {
          "p0.001": 5.0,
          "p0.01": 9.0,
          "p0.1": 10.0,
          "p1": 15.0,
          "p5": 47.0,
          "p10": 49.0,
          "p25": 54.0,
          "p50": 65.0,
          "p75": 87.0,
          "p90": 109.0,
          "p95": 124.0,
          "p99": 145.0,
          "p99.9": 170.0,
          "p99.99": 212.0,
          "p99.999": 255.0
        }
      }
    },
    "histograms_256bin": {
      "R": [
        0,
        0,
        11,
        2674,
        38013,
        79076,
        33604,
        3647,
        234,
        136,
        137,
        135,
        151,
        203,
        454,
        2690,
        15084,
        62408,
        187209,
        419716,
        690911,
        868631,
        878335,
        783810,
        664351,
        554282,
        462337,
        391178,
        332363,
        286506,
        251969,
        229492,
        207332,
        189558,
        171191,
        155083,
        140028,
        125200,
        110551,
        98180,
        86919,
        78622,
        72948,
        68309,
        63804,
        59216,
        55188,
        52269,
        49856,
        47707,
        45317,
        42809,
        40964,
        38943,
        38606,
        38106,
        37810,
        37444,
        36464,
        35085,
        33964,
        34370,
        33713,
        33498,
        31999,
        31582,
        32913,
        36615,
        40139,
        42640,
        42747,
        43793,
        45589,
        44971,
        43872,
        44454,
        45044,
        46255,
        49013,
        54534,
        59295,
        61693,
        59492,
        56648,
        55332,
        53867,
        52235,
        50812,
        48946,
        47485,
        45151,
        44153,
        42462,
        40643,
        38109,
        37107,
        37298,
        37115,
        36341,
        35729,
        35850,
        36077,
        36640,
        38603,
        40174,
        40480,
        40149,
        39960,
        39958,
        41015,
        41646,
        41379,
        40330,
        39559,
        39033,
        39597,
        38938,
        37089,
        34490,
        30952,
        28914,
        27871,
        26226,
        24685,
        23171,
        22171,
        21556,
        20174,
        19087,
        18219,
        17311,
        16690,
        15679,
        15421,
        15148,
        15777,
        15822,
        15611,
        15405,
        14960,
        14075,
        13160,
        12550,
        11539,
        10618,
        9957,
        9334,
        8599,
        7882,
        7353,
        6786,
        6113,
        5663,
        5253,
        5089,
        4957,
        4375,
        4081,
        3652,
        3295,
        3092,
        2828,
        2798,
        2531,
        2604,
        2564,
        2332,
        2229,
        2079,
        2179,
        2210,
        1925,
        1774,
        1619,
        1404,
        1256,
        1245,
        1212,
        1118,
        1008,
        963,
        858,
        855,
        683,
        671,
        589,
        577,
        551,
        521,
        464,
        383,
        351,
        306,
        260,
        248,
        221,
        190,
        207,
        174,
        163,
        143,
        118,
        111,
        106,
        92,
        101,
        78,
        72,
        81,
        74,
        68,
        54,
        77,
        58,
        62,
        68,
        53,
        79,
        55,
        51,
        50,
        49,
        49,
        33,
        40,
        33,
        35,
        28,
        29,
        33,
        30,
        23,
        29,
        23,
        20,
        27,
        26,
        27,
        37,
        24,
        33,
        25,
        26,
        28,
        22,
        27,
        29,
        21,
        20,
        25,
        27,
        25,
        19,
        21,
        20,
        34
      ],