{
  "buddhabrot_16k_blue.png": {
    "file": "buddhabrot_16k_blue.png",
    "width": 16384,
    "height": 12288,
    "channels": {
      "R": {
        "min": 0,
        "max": 255,
        "mean": 45.9178806891044,
        "median": 29.0,
        "std": 34.93658047175554,
        "percentiles": {
          "p0.001": 0.0,
          "p0.01": 1.0,
          "p0.1": 2.0,
          "p1": 7.0,
          "p5": 18.0,
          "p10": 20.0,
          "p25": 23.0,
          "p50": 29.0,
          "p75": 60.0,
          "p90": 104.0,
          "p95": 122.0,
          "p99": 151.0,
          "p99.9": 184.0,
          "p99.99": 219.0,
          "p99.999": 251.0
        }
      },
      "G": {
        "min": 0,
        "max": 255,
        "mean": 56.04783113797506,
        "median": 41.0,
        "std": 34.0499964581599,
        "percentiles": {
          "p0.001": 0.0,
          "p0.01": 1.0,
          "p0.1": 3.0,
          "p1": 10.0,
          "p5": 25.0,
          "p10": 28.0,
          "p25": 32.0,
          "p50": 41.0,
          "p75": 75.0,
          "p90": 110.0,
          "p95": 127.0,
          "p99": 155.0,
          "p99.9": 185.0,
          "p99.99": 221.0,
          "p99.999": 253.0
        }
      },
      "B": {
        "min": 0,
        "max": 255,
        "mean": 71.63560157517593,
        "median": 65.0,
        "std": 26.200391474940314,
        "percentiles": {
          "p0.001": 0.0,
          "p0.01": 2.0,
          "p0.1": 6.0,
          "p1": 17.0,
          "p5": 42.0,
          "p10": 46.0,
          "p25": 53.0,
          "p50": 65.0,
          "p75": 86.0,
          "p90": 109.0,
          "p95": 124.0,
          "p99": 147.0,
          "p99.9": 172.0,
          "p99.99": 212.0,
          "p99.999": 255.0
        }
      }
    },
    "histograms_256bin": {
      "R": [
        4025,
        46893,
        203791,
        442231,
        413193,
        288833,
        470081,
        376452,
        199864,
        77007,
        29266,
        22043,
        27141,
        92031,
        332403,
        864185,
        1572283,
        2406952,
        4026133,
        6601925,
        9089416,
        10413575,
        10257701,
        9450782,
        9115735,
        8601998,
        8304930,
        7446226,
        6454295,
        5434954,
        4564132,
        4012826,
        3520210,
        3152189,
        2972746,
        2694265,
        2456362,
        2244890,
        2007856,
        1801053,
        1606471,
        1479014,
        1332239,
        1235081,
        1139761,
        1080212,
        991253,
        940314,
        884818,
        836107,
        788405,
        752462,
        725796,
        697431,
        666875,
        646210,
        634301,
        617111,
        600195,
        593471,
        589639,
        576137,
        582225,
        578575,
        587633,
        581829,
        595567,
        600866,
        618303,
        616710,
        638404,
        650398,
        659413,
        681411,
        693997,
        706873,
        715797,
        736374,
        747003,
        754361,
        759034,
        772743,
        778367,
        773638,
        781690,
        776938,
        770248,
        763146,
        759115,
        746984,
        736026,
        729191,
        707643,
        709720,
        686260,
        677427,
        666008,
        653943,
        646574,
        638564,
        634471,
        619599,
        619264,
        620058,
        613425,
        610254,
        601866,
        607196,
        600857,
        599983,
        590053,
        594193,
        582525,
        579787,
        574752,
        563195,
        553768,
        539464,
        530434,
        521057,
        499196,
        492628,
        470669,
        457435,
        443361,
        423712,
        406988,
        391099,
        376410,
        361762,
        346431,
        330363,
        321508,
        304240,
        293162,
        283228,
        271465,
        260326,
        254843,
        240219,
        233149,
        223258,
        213917,
        204719,
        196988,
        187791,
        178676,
        169535,
        161618,
        152114,
        144109,
        136588,
        127328,
        119754,
        111605,
        104276,
        98583,
        91894,
        84859,
        79986,
        74294,
        68855,
        64908,
        60700,
        56442,
        52844,
        49823,
        46655,
        43639,
        41385,
        38499,
        36699,
        34382,
        32604,
        30518,
        28581,
        27338,
        24991,
        23543,
        22207,
        20760,
        19175,
        17976,
        16749,
        15447,
        14460,
        13179,
        12316,
        11330,
        10374,
        9765,
        8786,
        8078,
        7388,
        6877,
        6194,
        5665,
        5254,
        4636,
        4155,
        3782,
        3480,
        3123,
        2837,
        2534,
        2352,
        2143,
        2084,
        1807,
        1715,
        1624,
        1424,
        1361,
        1297,
        1238,
        1171,
        1174,
        1034,
        992,
        1057,
        936,
        888,
        897,
        779,
        816,
        732,
        696,
        642,
        664,
        594,
        568,
        529,
        485,
        469,
        522,
        451,
        451,
        435,
        424,
        455,
        476,
        459,
        476,
        409,
        448,
        434,
        468,
        487,
        449,
        426,
        446,
        425,
        385,
        355,
        388,
        761
      ],